{"cameraMode":{"drawMode":0,"name":"Shaded","section":"Shading Mode"},"sceneLighting":true,"audioPlay":false,"sceneViewState":{"showFog":true,"showMaterialUpdate":false,"showSkybox":true,"showFlares":true,"showImageEffects":true,"showParticleSystems":true},"in2DMode":false,"pivot":{"x":-37.03515625,"y":7.860793590545654,"z":3.331631898880005},"rotation":{"x":0.0009949648519977928,"y":-0.7482346892356873,"z":0.0011225285707041622,"w":0.6634330153465271},"size":12.186051368713379,"orthographic":true}