{"cameraMode":{"drawMode":0,"name":"Shaded","section":"Shading Mode"},"sceneLighting":false,"audioPlay":false,"sceneViewState":{"showFog":true,"showMaterialUpdate":false,"showSkybox":true,"showFlares":true,"showImageEffects":true,"showParticleSystems":true},"in2DMode":false,"pivot":{"x":-35.78515625,"y":12.085372924804688,"z":2.447509765625},"rotation":{"x":0.004618267994374037,"y":-0.6383740901947022,"z":0.003830266883596778,"w":0.7697038054466248},"size":11.350418090820313,"orthographic":true}