{"cameraMode":{"drawMode":0,"name":"Shaded","section":"Shading Mode"},"sceneLighting":true,"audioPlay":false,"sceneViewState":{"showFog":true,"showMaterialUpdate":false,"showSkybox":true,"showFlares":true,"showImageEffects":true,"showParticleSystems":true},"in2DMode":false,"pivot":{"x":-37.03515625,"y":7.860793590545654,"z":3.331631898880005},"rotation":{"x":-0.008986341767013073,"y":-0.7461735606193543,"z":-0.010073969140648842,"w":0.665614664554596},"size":12.745939254760743,"orthographic":true}