{"cameraMode":{"drawMode":0,"name":"Shaded","section":"Shading Mode"},"sceneLighting":true,"audioPlay":false,"sceneViewState":{"showFog":true,"showMaterialUpdate":false,"showSkybox":true,"showFlares":true,"showImageEffects":true,"showParticleSystems":true},"in2DMode":false,"pivot":{"x":-37.03515625,"y":7.860793590545654,"z":3.331631898880005},"rotation":{"x":-0.034949738532304767,"y":-0.727053701877594,"z":-0.037111636251211169,"w":0.6846885681152344},"size":12.70842456817627,"orthographic":true}