{"cameraMode":{"drawMode":0,"name":"Shaded","section":"Shading Mode"},"sceneLighting":true,"audioPlay":false,"sceneViewState":{"showFog":true,"showMaterialUpdate":false,"showSkybox":true,"showFlares":true,"showImageEffects":true,"showParticleSystems":true},"in2DMode":false,"pivot":{"x":-2.9802322387695315e-8,"y":1.0,"z":-0.2500000298023224},"rotation":{"x":-0.019003458321094514,"y":-0.7100224494934082,"z":-0.019175244495272638,"w":0.7036608457565308},"size":10.65148639678955,"orthographic":false}