{"cameraMode":{"drawMode":0,"name":"Shaded","section":"Shading Mode"},"sceneLighting":true,"audioPlay":false,"sceneViewState":{"showFog":true,"showMaterialUpdate":false,"showSkybox":true,"showFlares":true,"showImageEffects":true,"showParticleSystems":true},"in2DMode":false,"pivot":{"x":31.436058044433595,"y":2.35911226272583,"z":0.6287080645561218},"rotation":{"x":-0.004255548119544983,"y":0.7049719095230103,"z":0.0042296056635677818,"w":0.709214985370636},"size":15.460033416748047,"orthographic":false}