{"cameraMode":{"drawMode":0,"name":"Shaded","section":"Shading Mode"},"sceneLighting":true,"audioPlay":false,"sceneViewState":{"showFog":true,"showMaterialUpdate":false,"showSkybox":true,"showFlares":true,"showImageEffects":true,"showParticleSystems":true},"in2DMode":false,"pivot":{"x":8.307378768920899,"y":1.3519909381866456,"z":4.210721015930176},"rotation":{"x":-0.010419677011668682,"y":0.4970587491989136,"z":0.005953087471425533,"w":0.8676778078079224},"size":4.531662464141846,"orthographic":false}