{"cameraMode":{"drawMode":0,"name":"Shaded","section":"Shading Mode"},"sceneLighting":true,"audioPlay":false,"sceneViewState":{"showFog":true,"showMaterialUpdate":false,"showSkybox":true,"showFlares":true,"showImageEffects":true,"showParticleSystems":true},"in2DMode":false,"pivot":{"x":6.202065944671631,"y":-1.2363195419311524,"z":-1.6956849098205567},"rotation":{"x":0.125014528632164,"y":0.7331739664077759,"z":-0.14025169610977174,"w":0.6536048054695129},"size":4.531662464141846,"orthographic":false}