{"cameraMode":{"drawMode":0,"name":"Shaded","section":"Shading Mode"},"sceneLighting":true,"audioPlay":false,"sceneViewState":{"showFog":true,"showMaterialUpdate":false,"showSkybox":true,"showFlares":true,"showImageEffects":true,"showParticleSystems":true},"in2DMode":false,"pivot":{"x":-68.17669677734375,"y":9.682291984558106,"z":3.3536431789398195},"rotation":{"x":-0.019003458321094514,"y":-0.7100224494934082,"z":-0.019175244495272638,"w":0.7036608457565308},"size":30.054174423217775,"orthographic":false}