{"cameraMode":{"drawMode":0,"name":"Shaded","section":"Shading Mode"},"sceneLighting":true,"audioPlay":false,"sceneViewState":{"showFog":true,"showMaterialUpdate":false,"showSkybox":true,"showFlares":true,"showImageEffects":true,"showParticleSystems":true},"in2DMode":false,"pivot":{"x":-0.8585276007652283,"y":0.4651896357536316,"z":-7.587588310241699},"rotation":{"x":-0.0047469069249928,"y":0.9949577450752258,"z":-0.08227076381444931,"w":-0.05737408250570297},"size":3.33166241645813,"orthographic":false}