{"cameraMode":{"drawMode":0,"name":"Shaded","section":"Shading Mode"},"sceneLighting":true,"audioPlay":false,"sceneViewState":{"showFog":true,"showMaterialUpdate":false,"showSkybox":true,"showFlares":true,"showImageEffects":true,"showParticleSystems":true},"in2DMode":false,"pivot":{"x":2.412154197692871,"y":0.012133955955505371,"z":-4.354814052581787},"rotation":{"x":-0.025531580671668054,"y":-0.9744789600372315,"z":0.15776196122169496,"w":-0.1577529013156891},"size":2.7316625118255617,"orthographic":false}